{
    "IsEncrypted": false,
  "Values": {
    "AzureWebJobsStorage": "UseDevelopmentStorage=true",
    "FUNCTIONS_WORKER_RUNTIME": "dotnet",
    "storageconnection": "DefaultEndpointsProtocol=https;AccountName=appstore2000;AccountKey=8pBdEmCXm/Gv8iZ1LoC0+SZVkzWSq81C3/Quzr9rYk+xigMs4t5mBYC08cptZnR4UyLCHYLlamVfo8IV99GvbA==;EndpointSuffix=core.windows.net",
    "CosmosDBConnection": "AccountEndpoint=https://appaccount100.documents.azure.com:443/;AccountKey=VvzlQECZtYzfEFvvEnHcqQkrcE39FgxXwM5TuGfxFx2VCxgovcPZwBVSxsgyJbsTaEVVzQvNWgq9wPJszzZyVg==;"

  }
}